﻿Domino Number,FrontFileLocation,RearFileLocation,LeftTerrain,RightTerrain,LeftTerrainStars,RightTerrainStars
1,1F.jpg,lc01.jpg,wheat,wheat,0,0
2,2F.jpg,lc02.jpg,wheat,wheat,0,0
3,3F.jpg,lc03.jpg,forest,forest,0,0
4,4F.jpg,lc04.jpg,forest,forest,0,0
5,5F.jpg,lc05.jpg,forest,forest,0,0
6,6F.jpg,lc06.jpg,forest,forest,0,0
7,7F.jpg,lc07.jpg,lake,lake,0,0
8,8F.jpg,lc08.jpg,lake,lake,0,0
9,9F.jpg,lc09.jpg,lake,lake,0,0
10,10F.jpg,lc10.jpg,pasture,pasture,0,0
11,11F.jpg,lc11.jpg,pasture,pasture,0,0
12,12F.jpg,lc12.jpg,swamp,swamp,0,0
13,13F.jpg,lc13.jpg,wheat,forest,0,0
14,14F.jpg,lc14.jpg,wheat,lake,0,0
15,15F.jpg,lc15.jpg,wheat,pasture,0,0
16,16F.jpg,lc16.jpg,wheat,swamp,0,0
17,17F.jpg,lc17.jpg,forest,lake,0,0
18,18F.jpg,lc18.jpg,forest,pasture,0,0
19,19F.jpg,lc19.jpg,wheat,forest,1,0
20,20F.jpg,lc20.jpg,wheat,lake,1,0
21,21F.jpg,lc21.jpg,wheat,pasture,1,0
22,22F.jpg,lc22.jpg,wheat,swamp,1,0
23,23F.jpg,lc23.jpg,wheat,mine,1,0
24,24F.jpg,lc24.jpg,forest,wheat,1,0
25,25F.jpg,lc25.jpg,forest,wheat,1,0
26,26F.jpg,lc26.jpg,forest,wheat,1,0
27,27F.jpg,lc27.jpg,forest,wheat,1,0
28,28F.jpg,lc28.jpg,forest,lake,1,0
29,29F.jpg,lc29.jpg,forest,pasture,1,0
30,30F.jpg,lc30.jpg,lake,wheat,1,0
31,31F.jpg,lc31.jpg,lake,wheat,1,0
32,32F.jpg,lc32.jpg,lake,forest,1,0
33,33F.jpg,lc33.jpg,lake,forest,1,0
34,34F.jpg,lc34.jpg,lake,forest,1,0
35,35F.jpg,lc35.jpg,lake,forest,1,0
36,36F.jpg,lc36.jpg,wheat,pasture,0,1
37,37F.jpg,lc37.jpg,lake,pasture,0,1
38,38F.jpg,lc38.jpg,wheat,swamp,0,1
39,39F.jpg,lc39.jpg,pasture,swamp,0,1
40,40F.jpg,lc40.jpg,mine,wheat,1,0
41,41F.jpg,lc41.jpg,wheat,pasture,0,2
42,42F.jpg,lc42.jpg,lake,pasture,0,2
43,43F.jpg,lc43.jpg,wheat,swamp,0,2
44,44F.jpg,lc44.jpg,pasture,swamp,0,2
45,45F.jpg,lc45.jpg,mine,wheat,2,0
46,46F.jpg,lc46.jpg,swamp,mine,0,2
47,47F.jpg,lc47.jpg,swamp,mine,0,2
48,48F.jpg,lc48.jpg,wheat,mine,0,3
