﻿Domino Number,Stars,FrontFileLocation,RearFileLocation,LeftTerrain,RightTerrain
1,0,1F.jpg,1B.jpg,wheat,wheat
2,0,2F.jpg,2B.jpg,wheat,wheat
3,0,3F.jpg,3B.jpg,forest,forest
4,0,4F.jpg,4B.jpg,forest,forest
5,0,5F.jpg,5B.jpg,forest,forest
6,0,6F.jpg,6B.jpg,forest,forest
7,0,7F.jpg,7B.jpg,lake,lake
8,0,8F.jpg,8B.jpg,lake,lake
9,0,9F.jpg,9B.jpg,lake,lake
10,0,10F.jpg,10B.jpg,pasture,pasture
11,0,11F.jpg,11B.jpg,pasture,pasture
12,0,12F.jpg,12B.jpg,swamp,swamp
13,0,13F.jpg,13B.jpg,wheat,forest
14,0,14F.jpg,14B.jpg,wheat,lake
15,0,15F.jpg,15B.jpg,wheat,pasture
16,0,16F.jpg,16B.jpg,wheat,swamp
17,0,17F.jpg,17B.jpg,forest,lake
18,0,18F.jpg,18B.jpg,forest,pasture
19,1,19F.jpg,19B.jpg,wheat,forest
20,1,20F.jpg,20B.jpg,wheat,lake
21,1,21F.jpg,21B.jpg,wheat,pasture
22,1,22F.jpg,22B.jpg,wheat,swamp
23,1,23F.jpg,23B.jpg,wheat,mine
24,1,24F.jpg,24B.jpg,forest,wheat
25,1,25F.jpg,25B.jpg,forest,wheat
26,1,26F.jpg,26B.jpg,forest,wheat
27,1,27F.jpg,27B.jpg,forest,wheat
28,1,28F.jpg,28B.jpg,forest,lake
29,1,29F.jpg,29B.jpg,forest,pasture
30,1,30F.jpg,30B.jpg,lake,wheat
31,1,31F.jpg,31B.jpg,lake,wheat
32,1,32F.jpg,32B.jpg,lake,forest
33,1,33F.jpg,33B.jpg,lake,forest
34,1,34F.jpg,34B.jpg,lake,forest
35,1,35F.jpg,35B.jpg,lake,forest
36,1,36F.jpg,36B.jpg,wheat,pasture
37,1,37F.jpg,37B.jpg,pasture,swamp
38,1,38F.jpg,38B.jpg,mine,wheat
39,1,39F.jpg,39B.jpg,wheat,swamp
40,1,40F.jpg,40B.jpg,lake,pasture
41,2,41F.jpg,41B.jpg,wheat,swamp
42,2,42F.jpg,42B.jpg,wheat,pasture
43,2,43F.jpg,43B.jpg,lake,pasture
44,2,44F.jpg,44B.jpg,pasture,swamp
45,2,45F.jpg,45B.jpg,mine,wheat
46,2,46F.jpg,46B.jpg,swamp,mine
47,2,47F.jpg,47B.jpg,swamp,mine
48,3,48F.jpg,48B.jpg,wheat,mine
